0,W,X0,X1
0,R
1,W
1,R
2,W
2,R
3,W
3,R
4,W,X5,X6,X7,X8,X9,X10,X11,X12,X13,X14,X15,X16,X17,X18,X19,X20,X21,X22
4,R,X23,X24,X25,X26,X27,X28,X29,X30,X31
5,W,X32,X33,X34,X35,X36
5,R,X37,X38,X39
6,W
6,R
7,W,X40,X41,X42
7,R,X43,X44,X45
8,W,X46,X47,X48,X49
8,R,X50,X51,X52
9,W
9,R
10,W,X41,X47,X53,X48,X42,X49,X54
10,R,X55,X50,X51,X43,X44
11,W
11,R
12,W,X56,X57,X58,X59,X60,X61,X62,X63,X64
12,R,X34,X40,X65,X66,X41
13,W
13,R
14,W,X67,X68
14,R,X41,X47,X69
15,W,X70,X55,X71
15,R,X72
16,W,X73,X74
16,R
17,W
17,R
18,W
18,R
19,W,X75,X76,X77,X78,X79,X80,X81,X82,X83,X84,X85
19,R,X86,X87,X88,X89,X90,X91,X92,X93,X94,X95,X96,X97,X98,X99,X100,X101,X102,X103,X104,X105,X106,X107,X108,X109,X110,X111,X112,X113,X114,X115,X116,X117,X118,X119,X120,X121
20,W
20,R
21,W,X122,X123
21,R,X124,X125,X126,X127,X128,X129,X130,X131,X132
22,W,X133,X134
22,R
23,W,X135,X136,X137,X138,X139,X140,X141,X142,X143
23,R,X144,X145,X49,X54
24,W
24,R
25,W,X0,X146,X147,X148,X149,X150,X151,X152,X153,X154,X155,X156,X157,X158
25,R,X144
26,W
26,R
27,W
27,R
28,W
28,R,X71,X159,X160
29,W,X144,X161,X162,X163,X164,X165,X166,X167,X168,X38,X39,X50,X51,X52,X43,X44,X45,X169
29,R,X170
30,W
30,R
31,W,X26,X27,X28,X29,X30,X171,X172,X173,X174,X31,X175,X176
31,R,X32,X33,X34,X64,X177,X76,X85,X122,X123,X67
32,W
32,R
33,W,X178,X179,X180,X181,X182,X183,X184,X185,X186,X187,X188,X189,X190,X191,X192,X193,X194,X195,X196,X197,X198,X199,X200,X201,X202,X203,X204,X205
33,R,X206,X207
34,W
34,R
35,W,X73,X208
35,R,X209
36,W
36,R
37,W,X210,X211,X212,X213,X214,X215,X216,X217,X218,X219,X220,X221,X222,X223,X224
37,R,X225,X209
38,W
38,R
39,W,X209,X226,X227,X228,X229,X230,X231,X232,X233,X234,X235,X236,X237,X238
39,R,X239,X240,X85
40,W
40,R
41,W,X209,X226,X227,X228,X229,X230,X231,X234,X235,X236,X237,X238
41,R,X239,X240,X85
42,W
42,R
43,W,X209,X226,X227,X228,X229,X230,X231,X232,X233,X241,X235,X236,X237,X238
43,R,X239,X240,X81,X85
44,W
44,R
45,W,X209,X226,X227,X228,X229,X230,X231,X232,X233,X241,X235,X236,X237,X238
45,R,X239,X240,X78,X79,X80,X81,X82,X83,X84,X85
46,W
46,R
47,W,X242,X243,X244,X245
47,R,X226
48,W
48,R
49,W,X246,X247,X248,X249,X250,X251,X252,X253,X254,X255
49,R,X256
50,W
50,R
51,W,X257,X258,X259,X260,X261,X262,X263,X264,X265,X266
51,R,X267,X268
52,W
52,R
53,W
53,R
54,W,X81,X85,X122,X123,X269,X270,X271,X272,X273
54,R,X34,X76,X81,X85,X122,X123,X274,X275,X276
55,W
55,R
56,W,X81,X85,X269,X277,X278
56,R,X34,X81,X85,X274,X275,X276,X270,X271
57,W,X279,X1,X280,X281,X282,X283,X284,X285,X286
57,R,X34,X23,X144,X53,X169,X287,X288,X289
58,W,X1,X281,X290
58,R,X291
59,W
59,R,X292,X73,X293
60,W
60,R
61,W,X294,X295
61,R,X32,X33,X294,X295,X179,X180,X181,X182,X192,X193,X194
62,W
62,R,X294,X296
63,W
63,R
64,W,X297,X296
64,R,X298,X294,X295
65,W
65,R
66,W,X170,X299
66,R,X300,X301,X82,X83,X84,X85
67,W
67,R,X299
68,W
68,R
69,W,X302,X303,X304,X305,X306,X307,X308,X309,X310,X311,X312,X313,X314
69,R,X32,X33,X315,X316,X34,X144,X145,X302,X76,X81,X85,X122,X123,X303,X169
70,W
70,R
71,W,X317
71,R,X318
72,W,X319,X320,X321,X322
72,R,X32,X33,X315,X316
73,W
73,R
74,W
74,R,X323
75,W,X145
75,R,X168
76,W,X324,X325,X326,X327
76,R,X34,X328,X327,X329,X323,X330,X331,X332,X333
77,W,X302,X303,X304,X305,X306,X307,X308,X309,X310,X311,X312,X313,X314
77,R,X32,X33,X315,X316,X34,X144,X145,X302,X76,X80,X81,X82,X83,X84,X85,X122,X123,X303,X169
78,W,X2,X3,X4
78,R,X334
79,W
79,R
80,W
80,R,X71,X335,X336
81,W,X337,X338,X339,X340,X341,X342
81,R,X343,X298,X344
82,W
82,R
83,W
83,R,X71,X305,X308,X309
84,W,X134,X345
84,R,X305,X307,X311
85,W,X144,X346
85,R,X145,X347
86,W
86,R,X348,X37,X349,X350
87,W
87,R
88,W,X1,X280,X281,X351,X352
88,R,X353,X70,X133,X354,X134,X345,X153
89,W,X40,X41,X42
89,R,X135,X138,X141,X143
90,W,X0,X279,X1,X134,X345
90,R,X279,X34,X145,X302,X343,X146,X147,X149,X152,X155,X156,X157,X158,X305,X313,X314
91,W,X355
91,R,X112,X356,X326,X327,X357,X358,X359,X113,X114,X360,X115,X116
92,W
92,R
93,W,X355
93,R,X117,X361,X362,X329,X363,X364,X365,X118,X119,X366,X120,X121
94,W
94,R
95,W
95,R
96,W
96,R
97,W,X360,X366
97,R,X348,X37,X349,X355,X350
98,W,X46,X47,X48
98,R,X135,X137,X142,X143
99,W,X65,X66,X367,X368
99,R,X161,X369,X338,X339
100,W,X370,X362
100,R,X348,X371,X37,X350,X341,X342
101,W,X2,X3,X4
101,R,X305,X306
102,W,X372
102,R,X37
103,W,X326,X113
103,R,X330,X373
104,W,X315,X316,X334,X344,X369,X335,X350,X374,X375,X376,X287,X288,X289,X336
104,R,X161,X169
105,W,X303,X304
105,R,X303,X169
106,W
106,R
107,W,X326,X113
107,R,X330,X373
108,W,X315,X316,X334,X344,X369,X335,X350,X374,X375,X376,X287,X288,X289,X336
108,R,X161,X169
109,W,X303,X304
109,R,X303,X169
110,W
110,R
111,W,X324,X92
111,R,X331,X373
112,W,X315,X316,X334,X344,X369,X335,X350,X374,X375,X376,X287,X288,X289,X336
112,R,X161,X169
113,W,X303,X304
113,R,X303,X169
114,W
114,R
115,W,X327,X113
115,R,X377,X373
116,W,X315,X316,X334,X344,X369,X335,X350,X374,X375,X376,X287,X288,X289,X336
116,R,X161,X169
117,W,X303,X304
117,R,X303,X169
118,W
118,R
119,W,X325,X92
119,R,X377,X373
120,W,X315,X316,X334,X344,X369,X335,X350,X374,X375,X376,X287,X288,X289,X336
120,R,X161,X169
121,W,X303,X304
121,R,X303,X169
122,W
122,R
123,W,X315,X316,X334,X344,X369,X335,X350,X374,X375,X376,X287,X288,X289,X336
123,R,X161,X169
124,W,X303,X304
124,R,X303,X169
125,W
125,R
126,W
126,R,X332,X333
127,W,X366
127,R,X378,X117,X361,X362,X329,X363,X364,X365,X118,X119,X366,X120,X121,X379
128,W,X53,X2,X3,X4,X49,X54
128,R,X41,X47,X380,X55,X381,X290,X382,X383,X161,X317,X164,X166,X169
129,W
129,R
130,W,X297,X296
130,R,X298,X303,X304
131,W
131,R,X303,X296
132,W,X144,X145
132,R,X384,X385
133,W
133,R
134,W,X343
134,R,X386
135,W,X70
135,R
136,W,X0,X146,X147,X148,X149,X150,X151,X152,X153,X154,X155,X156,X157,X158
136,R,X144
137,W
137,R
138,W,X387,X388,X389,X390,X391,X392
138,R,X393,X394,X395
139,W,X279,X396,X397,X398,X399,X389,X400,X401,X402,X403,X404,X405,X406,X407,X2,X3,X4,X408
139,R,X409,X410,X34,X411,X395,X392,X412,X343,X146,X147,X150,X151,X152
140,W,X378,X23,X413,X414,X415,X416,X177,X417,X206,X207,X418,X419,X420,X421,X422,X423,X424,X425,X426,X427,X428
140,R,X380,X177,X67
141,W
141,R
142,W,X429,X430
142,R,X431,X418,X424,X425
143,W,X70,X256,X318,X55
143,R,X72,X432,X71,X433,X434,X69,X418,X422,X426,X427
144,W,X23,X24,X414,X371,X177,X206,X207,X435
144,R,X436
145,W
145,R,X69
146,W,X70,X55
146,R,X70,X55
147,W,X437,X438,X439,X440
147,R,X441
148,W
148,R
149,W,X70,X55
149,R,X70,X55
150,W,X437,X438,X439,X440
150,R,X441
151,W
151,R
152,W,X70,X55
152,R,X70,X55
153,W,X437,X438,X439,X440
153,R,X441
154,W
154,R
155,W,X70,X55
155,R,X70,X55
156,W,X437,X438,X439,X440
156,R,X441
157,W
157,R
158,W,X442,X380,X443,X290,X444,X445,X446,X447,X448,X449,X450,X451,X452,X453,X159,X160,X454,X455,X456,X457,X441,X458,X459,X460,X461,X462
158,R,X463,X464,X67
159,W
159,R
160,W,X442,X380,X443,X290,X444,X445,X446,X447,X448,X449,X450,X451,X452,X453,X159,X160,X454,X455,X456,X457,X441,X458,X459,X460,X461,X462
160,R,X463,X464,X67
161,W
161,R
162,W,X442,X380,X443,X290,X444,X465,X445,X446,X447,X448,X449,X450,X451,X452,X453,X466,X159,X160,X454,X455,X456,X457,X441,X458,X459,X460,X461,X462
162,R,X463,X464,X67,X68
163,W
163,R
164,W,X442,X380,X443,X290,X444,X465,X445,X446,X447,X448,X449,X450,X451,X452,X453,X466,X159,X160,X454,X455,X456,X457,X441,X458,X459,X460,X461,X462
164,R,X463,X464,X67,X68
165,W
165,R
166,W
166,R
167,W,X297,X296
167,R,X298,X429,X430
168,W,X298,X467
168,R,X468,X429,X296
169,W,X442,X463,X464,X469,X470,X471,X472,X473,X443,X474,X2,X3,X4,X429,X430,X294,X295,X274,X475,X476,X477,X478,X479,X480,X481,X482,X483,X484,X485,X486,X487,X488,X489,X490,X491,X492,X493,X494,X495,X496,X497,X498,X499,X500,X501,X436
169,R,X353,X502,X503,X504
170,W,X133,X354,X2,X3,X4
170,R,X32,X476,X478,X480,X481,X483,X485,X498
171,W
171,R
172,W
172,R,X71,X495,X496
173,W
173,R,X332
174,W,X37
174,R
175,W,X112,X356,X326,X358,X359,X114,X115,X116,X505,X506,X507,X508,X55,X64,X81,X85,X349,X509
175,R,X55,X510,X511
176,W
176,R
177,W,X37
177,R
178,W,X112,X356,X326,X327,X358,X359,X114,X115,X116,X508,X55,X64,X76,X81,X85,X349
178,R,X55,X76,X510,X511
179,W
179,R
180,W,X37
180,R
181,W,X112,X356,X326,X327,X358,X359,X114,X115,X116,X508,X55,X64,X76,X81,X85,X349
181,R,X55,X76,X510,X511
182,W
182,R
183,W,X37
183,R
184,W,X91,X96,X100,X508,X55,X64,X76,X78,X79,X80,X81,X82,X83,X84,X85,X512
184,R,X93,X94,X95,X97,X98,X99,X55,X76,X513,X514,X515,X516
185,W
185,R
186,W
186,R
187,W,X26,X27,X28,X29,X30,X171,X172,X173,X174,X31,X175,X176
187,R,X32,X33,X34,X64,X177,X76,X85,X122,X123,X67
188,W
188,R
189,W,X2,X3,X4
189,R,X32,X517,X518,X519,X293,X26,X174,X31,X186,X189,X196,X202
190,W
190,R
191,W,X520,X521,X522,X523,X524,X525,X526,X527,X528,X529,X530,X531
191,R,X315,X417,X474,X176,X198,X532,X533
192,W
192,R
193,W,X520,X521,X522,X523,X524,X525,X526,X527,X528,X529,X530,X531
193,R,X315,X417,X474,X176,X198,X532,X533
194,W,X256,X534,X535,X536,X537,X538,X539,X540,X541,X542,X543,X544,X545
194,R,X32,X198,X546,X547
195,W
195,R
196,W,X256,X534,X535,X536,X537,X538,X539,X540,X541,X542,X543,X544,X545
196,R,X32,X198,X546,X547
197,W
197,R
198,W,X2,X3,X4
198,R,X443,X522,X528,X531
199,W,X343,X298,X548,X467
199,R,X549,X550,X429,X258,X259,X260,X261,X262,X263
200,W
200,R,X26,X31
201,W,X70,X55,X298,X467,X56,X57,X58,X59,X60,X61,X290,X382,X383,X546,X547,X532,X533
201,R,X70,X378,X33,X316,X551,X552,X553,X554,X555,X556,X557,X558,X55,X414,X468,X290,X559,X435,X429,X296
202,W,X560
202,R
203,W,X209,X2,X3,X4
203,R,X256,X246,X417,X535,X536,X539,X542,X545
204,W,X209,X560
204,R,X32,X33,X183,X184,X185,X192,X193,X194
205,W
205,R
206,W,X16,X17,X18,X19,X20,X21
206,R,X24,X27,X28,X29,X30
207,W,X5,X6,X7,X8,X9,X10,X11,X12,X13,X14,X15,X22
207,R,X23,X24,X25
208,W,X280
208,R,X353
209,W,X1,X281
209,R
210,W
210,R
211,W,X561,X301,X517,X518,X64
211,R,X34,X82,X85
212,W
212,R,X34
213,W
213,R,X32,X433,X434
214,W,X70,X562,X563,X23,X55,X564,X565,X414,X415,X416,X177,X566,X567,X206,X207,X568,X569,X570,X571,X572
214,R,X70,X573,X574,X55,X472,X561,X301,X517,X518,X519,X433,X434,X575,X67
215,W,X70,X378,X318,X55,X565,X474
215,R,X70,X72,X32,X432,X55,X561,X301,X433,X69,X474,X570
216,W,X565
216,R
217,W,X70,X55
217,R,X70,X55
218,W
218,R
219,W,X565
219,R
220,W,X70,X55
220,R,X70,X55
221,W
221,R
222,W,X378
222,R
223,W,X565
223,R
224,W,X474
224,R,X474,X570
225,W,X70,X318,X55
225,R,X72,X432,X69
226,W
226,R
227,W,X70,X378,X318,X413,X55,X474,X2,X3,X4
227,R,X72,X32,X33,X562,X563,X432,X473,X561,X301,X517,X518,X575,X69,X474,X568,X569,X570,X571,X572,X576,X577
228,W
228,R,X443,X578,X522,X528,X531
229,W
229,R
230,W
230,R,X301
231,W
231,R
232,W,X343,X298,X548,X467
232,R,X549,X550,X429,X258,X259,X260,X261,X262,X263
233,W
233,R,X34,X579,X26,X31,X580
234,W,X381,X246,X2,X3,X4,X247,X248,X249,X250,X251,X252,X253,X254,X255,X581,X582,X583,X584,X585,X586,X587,X588,X589,X590,X591
234,R,X256,X34,X592,X469,X470,X381,X269,X593,X594,X595,X596,X597,X598
235,W
235,R,X246,X77,X252,X254
236,W
236,R,X592,X579,X246,X595,X599,X582,X585,X588
237,W,X2,X3,X4
237,R
238,W
238,R
239,W,X560
239,R
240,W
240,R
241,W,X2,X3,X4
241,R
242,W
242,R
243,W,X2,X3,X4
243,R
244,W
244,R
245,W,X2,X3,X4
245,R
246,W
246,R
247,W,X170
247,R,X600
248,W,X348
248,R
249,W
249,R
250,W,X103,X118,X55,X37,X373,X512,X349,X601,X379
250,R,X86,X87,X92,X103,X113,X118,X55,X301
251,W,X300
251,R,X596
252,W
252,R
253,W,X103,X118,X55,X37,X373,X512,X349,X601,X379
253,R,X86,X87,X92,X103,X113,X118,X55,X301
254,W,X602
254,R,X600
255,W
255,R
256,W,X103,X118,X55,X37,X373,X512,X349,X601,X379
256,R,X86,X87,X92,X103,X113,X118,X55,X301
257,W,X603,X604,X605
257,R,X76,X81,X85,X122,X123,X247,X248
258,W,X606
258,R,X249
259,W
259,R
260,W
260,R,X77
261,W,X603,X604,X605
261,R,X76,X81,X85,X122,X123,X247,X248
262,W
262,R
263,W,X603,X604,X605
263,R,X76,X78,X79,X80,X81,X82,X83,X84,X85,X122,X123,X247,X248
264,W
264,R
265,W,X603,X604,X605
265,R,X32,X33,X315,X316,X247,X248
266,W
266,R
267,W,X603,X604,X605
267,R,X76,X78,X79,X80,X81,X82,X83,X84,X85,X122,X123,X247,X248
268,W,X606
268,R,X249
269,W
269,R
270,W,X603,X604,X605
270,R,X32,X33,X315,X316,X247,X248
271,W,X606
271,R,X249
272,W
272,R
273,W,X603,X604,X605
273,R,X76,X81,X85,X122,X123,X247,X248
274,W,X607
274,R,X249
275,W
275,R
276,W,X603,X604,X605
276,R,X76,X78,X79,X80,X81,X82,X83,X84,X85,X122,X123,X247,X248
277,W,X607
277,R,X249
278,W
278,R
279,W,X603,X604,X605
279,R,X32,X33,X315,X316,X247,X248
280,W,X607
280,R,X249
281,W
281,R
282,W
282,R
283,W,X606
283,R,X249,X250,X607
284,W
284,R,X77
285,W,X608,X593
285,R,X23,X81
286,W,X609,X610
286,R,X609,X611,X598,X610
287,W
287,R
288,W,X608,X593
288,R,X23,X78,X79,X80,X81
289,W,X609,X610
289,R,X609,X611,X598,X610
290,W
290,R
291,W,X609,X610
291,R,X609,X611,X598,X610
292,W
292,R
293,W,X580,X612
293,R,X23,X82,X83,X84,X85
294,W,X70,X55
294,R,X70,X55
295,W,X579
295,R,X414,X613,X416
296,W,X298,X467
296,R,X468,X429,X296
297,W,X580,X612
297,R,X23,X85
298,W,X609,X611,X598,X610
298,R,X411,X614,X76,X609,X615,X611,X598,X616,X617,X618
299,W,X70,X55
299,R,X70,X55
300,W,X579
300,R,X414,X613,X415
301,W,X298,X467
301,R,X468,X429,X296
302,W
302,R,X76
303,W,X609,X615,X611,X598,X616,X617,X618
303,R,X120,X121,X131,X132,X81,X85,X122,X123
304,W,X26,X27,X28,X29,X30,X171,X172,X173,X174,X31,X175,X176
304,R,X32,X33,X34,X64,X177,X76,X85,X122,X123,X67
305,W
305,R
306,W,X609,X615,X611,X598,X616,X617,X618
306,R,X120,X121,X129,X130,X81,X85,X122,X123
307,W,X26,X27,X28,X29,X30,X171,X172,X173,X174,X31,X175,X176
307,R,X32,X33,X34,X64,X177,X76,X85,X122,X123,X67
308,W
308,R
309,W,X26,X27,X28,X29,X30,X171,X172,X173,X174,X31,X175,X176
309,R,X32,X33,X34,X64,X177,X76,X85,X122,X123,X67
310,W
310,R
311,W,X257,X258,X259,X260,X261,X262,X263,X264,X265,X266
311,R,X267,X268
312,W
312,R
313,W
313,R
314,W,X297,X296
314,R,X298,X429,X430
315,W,X378
315,R
316,W,X581,X598
316,R,X598
317,W
317,R
318,W,X256,X594,X595,X600,X596,X619,X599,X620,X597,X621,X622
318,R,X612
319,W,X598
319,R,X609,X610
320,W
320,R
321,W,X606,X623
321,R,X605
322,W
322,R
323,W,X239,X240
323,R,X378,X23,X178
324,W,X624
324,R,X517,X518,X565
325,W
325,R,X517,X518
326,W
326,R,X378,X564
327,W
327,R
328,W
328,R,X242
329,W,X5,X6,X7,X10,X11,X12,X13,X14,X15,X22
329,R,X229,X231,X232,X233,X234,X241,X23,X24,X25,X71
330,W,X225
330,R,X133
331,W
331,R,X624
332,W
332,R,X234,X241
333,W,X225,X5,X10,X11,X12,X13,X14,X15,X16,X17,X20,X21,X22
333,R,X225,X73,X226,X228,X229,X230,X241,X235,X243,X244,X245,X23,X592,X24,X25
334,W,X280
334,R,X353
335,W,X1,X281
335,R
336,W,X303,X304
336,R,X294,X295
337,W
337,R
338,W
338,R,X303,X296
339,W
339,R
340,W,X297,X296
340,R,X298,X303,X304
341,W,X625,X626,X627,X628,X629,X630,X631,X632,X633,X634
341,R,X120,X64,X177,X85,X122,X123
342,W
342,R
343,W,X5,X6,X7,X8,X9,X10,X11,X12,X13,X14,X15,X16,X17,X18,X19,X20,X21,X22
343,R,X23,X24,X25,X293,X625,X626,X627,X628,X629,X631
344,W,X635,X636,X637,X162,X163
344,R,X163,X165
345,W
345,R
346,W,X638,X639,X347
346,R,X104,X105,X106,X107,X108,X109,X110,X111,X508,X640,X641,X162,X163
347,W
347,R
348,W,X638,X639,X347
348,R,X120,X121,X508,X640,X641,X162,X163
349,W
349,R
350,W
350,R,X636
351,W,X638,X639,X347
351,R,X162,X163,X319,X320,X321,X322
352,W
352,R
353,W
353,R,X89
354,W
354,R,X88,X89
355,W
355,R,X637
356,W,X352
356,R,X70
357,W
357,R
358,W,X280
358,R,X1,X502
359,W,X225,X291
359,R,X225,X290
360,W,X70,X642,X643,X644,X645,X646,X647,X648,X649,X650,X651,X652,X653,X654,X655,X656,X657
360,R,X1
361,W
361,R
362,W,X433
362,R,X32,X33,X437,X438
363,W
363,R
364,W,X575
364,R,X32,X33,X315,X316
365,W
365,R,X1,X281
366,W,X225
366,R,X225,X658,X73
367,W
367,R,X502,X26,X174
368,W
368,R
369,W,X73,X208
369,R,X209,X658
370,W,X1,X281,X70
370,R,X352
371,W
371,R
372,W
372,R
373,W,X561,X301,X517,X518,X64
373,R,X90,X112
374,W,X578,X37
374,R,X378,X517,X518,X519,X417,X214
375,W,X103,X118,X578,X602,X293,X373,X601,X379
375,R,X86,X87,X88,X89,X103,X118,X212,X213
376,W,X256,X103,X118,X578,X348,X602,X548,X293,X37,X373,X601,X379
376,R,X86,X87,X88,X89,X103,X118,X343,X211,X212,X215,X216,X221
377,W,X1,X281
377,R
378,W,X256,X144,X659,X660,X661,X662,X663,X664
378,R,X351
379,W
379,R
380,W,X279
380,R,X343,X147
381,W
381,R
382,W,X70
382,R
383,W,X61,X290
383,R,X664
384,W
384,R
385,W,X63
385,R,X663
386,W,X378
386,R
387,W,X70
387,R
388,W,X0,X146,X147,X148,X149,X150,X151,X152,X153,X154,X155,X156,X157,X158
388,R,X144
389,W
389,R
390,W,X70,X378
390,R,X659,X660,X662
391,W,X1,X281
391,R
392,W,X5,X6,X7,X10,X11,X12,X13,X15,X16,X17,X18,X19,X20,X21,X22
392,R,X283,X284
393,W
393,R
394,W
394,R
395,W
395,R,X71,X269,X272,X273
396,W
396,R
397,W
397,R,X71,X269,X277,X278
398,W
398,R
399,W
399,R,X71,X269,X277,X278
400,W
400,R
401,W
401,R,X71,X269,X272,X273
402,W
402,R
403,W,X70,X115,X116,X120,X121,X129,X130,X411,X131,X132,X614,X665,X666
403,R,X70,X86,X411,X76,X81,X85,X122,X123,X269,X581
404,W,X246,X247,X248,X249,X250,X251,X252,X253,X254,X255
404,R,X256
405,W,X560
405,R
406,W
406,R
407,W
407,R,X246
408,W,X667,X668,X669,X670,X671,X672,X673,X674,X675
408,R,X602
409,W,X323
409,R
410,W,X302
410,R
411,W,X676
411,R,X298
412,W
412,R
413,W
413,R
414,W,X677,X553,X554,X555,X678,X556,X557,X558,X377,X55,X290,X679,X680
414,R,X377,X55,X560,X56,X57,X58,X59,X60,X61,X62,X63,X681,X682,X683
415,W,X170,X684,X332,X685,X686,X687,X688,X689,X690
415,R,X691
416,W,X343,X298
416,R,X685,X688,X689
417,W,X93,X94,X95,X97,X98,X99,X323,X373,X333,X510,X511,X692,X693,X513,X514,X515,X516,X694,X695,X696,X697,X698,X699,X700,X701
417,R,X332,X691,X685
418,W,X691,X702
418,R,X703
419,W
419,R
420,W,X704,X705,X706,X707,X330,X331
420,R,X684,X708,X676
421,W
421,R
422,W
422,R
423,W,X691
423,R,X670,X671,X709
424,W,X603,X604,X703
424,R,X76,X81,X85,X122,X123,X668,X669
425,W
425,R
426,W,X603,X604,X703
426,R,X76,X78,X79,X80,X81,X82,X83,X84,X85,X122,X123,X668,X669
427,W
427,R
428,W
428,R,X673
429,W,X603,X604,X703
429,R,X32,X33,X315,X316,X668,X669
430,W
430,R
431,W
431,R,X77
432,W
432,R,X77
433,W,X691,X709,X708
433,R,X667,X343,X670,X672
434,W,X279,X602,X170,X684,X710,X711,X712,X713,X714,X715,X716,X717,X718,X719,X720,X721,X722,X723,X724,X725,X726,X727,X728,X729
434,R,X606
435,W,X730,X731,X732,X733,X734,X735,X736,X737,X738,X739,X740,X741,X742,X743,X744
435,R,X606
436,W,X302
436,R
437,W
437,R
438,W,X745,X551,X746,X552,X128,X377,X747,X748,X749,X750,X751,X752,X753,X754,X755,X756,X55,X37,X373,X683,X757,X758,X759
438,R,X32,X33,X315,X316,X55,X744
439,W
439,R
440,W,X58,X62,X682
440,R,X733,X735
441,W,X61,X63,X681
441,R,X732,X734
442,W
442,R
443,W,X40,X41,X46,X47,X55,X290,X48,X42
443,R,X55,X58,X61,X62,X63,X681,X682
444,W,X37
444,R
445,W,X55,X379
445,R,X55
446,W,X118
446,R,X118
447,W,X348
447,R
448,W
448,R
449,W,X745,X551,X746,X552,X760,X103,X118,X128,X377,X747,X748,X749,X750,X751,X752,X753,X754,X755,X756,X55,X37,X373,X2,X3,X4,X757,X601,X761,X758,X379,X759
449,R,X378,X34,X328,X103,X329,X118,X413,X55,X561,X301,X517,X712,X725,X726,X727,X741,X742,X743,X744
450,W,X2,X3,X4
450,R
451,W
451,R
452,W
452,R,X378,X301
453,W,X745,X551,X746,X552,X760,X103,X118,X128,X377,X747,X748,X749,X750,X751,X752,X753,X754,X755,X756,X55,X37,X373,X757,X601,X761,X758,X379,X759
453,R,X378,X34,X328,X103,X329,X118,X55,X561,X517,X727,X741,X742,X743,X744
454,W
454,R
455,W,X343,X298
455,R,X711,X723,X724
456,W,X2,X3,X4,X303,X304,X762,X763,X764,X765,X766,X767
456,R,X413,X71,X684,X548,X467,X711,X712,X718,X720,X721,X722,X725,X726,X729
457,W
457,R
458,W,X65,X66
458,R,X371,X59,X60,X290,X763,X764
459,W
459,R
460,W,X32,X33,X315,X316,X55,X36
460,R,X768,X745,X551,X746,X552,X55,X25
461,W,X58,X62,X682
461,R,X290,X733,X735
462,W,X61,X63,X681
462,R,X290,X732,X734
463,W,X65,X66
463,R,X371,X59,X60,X290,X763,X764
464,W,X37
464,R
465,W,X55,X601
465,R,X55
466,W,X103
466,R,X103
467,W,X348
467,R
468,W
468,R
469,W
469,R,X77,X252,X254
470,W,X606,X623
470,R,X605
471,W
471,R
472,W,X603,X604,X605
472,R,X76,X81,X85,X122,X123,X247,X248
473,W,X606
473,R,X249
474,W
474,R
475,W
475,R,X77
476,W,X603,X604,X605
476,R,X76,X81,X85,X122,X123,X247,X248
477,W
477,R
478,W,X603,X604,X605
478,R,X76,X78,X79,X80,X81,X82,X83,X84,X85,X122,X123,X247,X248
479,W
479,R
480,W,X603,X604,X605
480,R,X32,X33,X315,X316,X247,X248
481,W
481,R
482,W,X603,X604,X605
482,R,X76,X78,X79,X80,X81,X82,X83,X84,X85,X122,X123,X247,X248
483,W,X606
483,R,X249
484,W
484,R
485,W,X603,X604,X605
485,R,X32,X33,X315,X316,X247,X248
486,W,X606
486,R,X249
487,W
487,R
488,W,X603,X604,X605
488,R,X76,X81,X85,X122,X123,X247,X248
489,W,X607
489,R,X249
490,W
490,R
491,W,X603,X604,X605
491,R,X76,X78,X79,X80,X81,X82,X83,X84,X85,X122,X123,X247,X248
492,W,X607
492,R,X249
493,W
493,R
494,W,X603,X604,X605
494,R,X32,X33,X315,X316,X247,X248
495,W,X607
495,R,X249
496,W
496,R
497,W
497,R
498,W,X606
498,R,X249,X250,X607
499,W
499,R,X77
500,W,X624
500,R
501,W,X225
501,R,X293
502,W
502,R,X624,X174
503,W
503,R
504,W,X343,X298,X548,X467
504,R,X549,X550,X429,X258,X259,X260,X261,X262,X263
505,W
505,R,X34,X69,X447,X453
506,W,X267
506,R,X490
507,W
507,R
508,W,X268,X550
508,R,X34,X65,X66,X370,X362,X69,X479,X488,X489
509,W,X268,X550
509,R,X362
510,W,X267
510,R,X448
511,W
511,R
512,W,X268,X550
512,R,X370
513,W,X267
513,R,X448
514,W
514,R
515,W,X268,X550
515,R,X479
516,W,X267
516,R,X448
517,W
517,R
518,W,X268,X550
518,R,X488
519,W,X267
519,R,X448
520,W
520,R
521,W,X550
521,R,X447
522,W,X267
522,R,X448
523,W,X268
523,R,X65,X66
524,W
524,R
525,W,X268,X550
525,R,X65,X66
526,W,X267
526,R,X448
527,W
527,R
528,W
528,R
529,W,X268,X550
529,R,X34,X65,X66,X370,X362,X69,X479,X488,X489
530,W,X276
530,R,X34,X85
531,W,X562,X563,X573,X574,X519,X417
531,R,X67,X444,X465,X445,X475,X487,X491,X492,X501
532,W,X380,X592,X434,X267,X444
532,R,X444,X465,X446,X454,X475,X490
533,W
533,R
534,W,X613,X275,X576,X769,X770,X771,X772,X773,X774,X775,X776,X777,X778,X779,X577,X780
534,R,X32,X33,X315,X316,X34,X65,X66,X41,X367,X368,X47,X380,X76,X81,X85,X122,X123,X497
535,W,X343,X298,X468,X549,X548,X467,X781,X133,X354,X782,X2,X3,X4,X429,X430,X431
535,R,X71,X576,X769,X770,X771,X772,X773,X774,X775,X776,X777,X778,X779
536,W
536,R
537,W,X613,X275,X576,X769,X770,X771,X772,X773,X774,X775,X776,X777,X778,X779,X577,X780
537,R,X32,X33,X315,X316,X34,X65,X66,X41,X367,X368,X47,X380,X76,X78,X81,X82,X83,X84,X85,X122,X123,X477
538,W,X432,X58,X61,X290,X62,X63,X382,X383,X67
538,R,X41,X47,X69,X475,X484,X499
539,W
539,R,X34
540,W
540,R
541,W,X613,X275,X576,X769,X770,X771,X772,X773,X774,X775,X776,X777,X778,X779,X577,X780
541,R,X32,X33,X315,X316,X34,X65,X66,X41,X367,X368,X47,X380,X76,X78,X81,X82,X83,X84,X85,X122,X123,X477
542,W,X381
542,R
543,W
543,R
544,W,X433
544,R,X32,X33,X437,X438
545,W
545,R,X86,X87,X446,X449,X450
546,W,X613,X275,X576,X769,X770,X771,X772,X773,X774,X775,X776,X777,X778,X779,X577,X780
546,R,X32,X33,X315,X316,X34,X65,X66,X41,X367,X368,X47,X380,X76,X78,X81,X82,X83,X84,X85,X122,X123,X477
547,W
547,R
548,W
548,R
549,W,X343,X298,X468,X549,X548,X467,X781,X133,X354,X782,X2,X3,X4,X429,X430,X431
549,R,X71,X576,X769,X770,X771,X772,X773,X774,X775,X776,X777,X778,X779
550,W,X2,X3,X4
550,R
551,W
551,R
552,W
552,R
553,W,X613,X275,X576,X769,X770,X771,X772,X773,X774,X775,X776,X777,X778,X779,X577,X780
553,R,X32,X33,X315,X316,X34,X65,X66,X41,X367,X368,X47,X380,X76,X81,X85,X122,X123,X497
554,W,X432,X56,X57,X58,X61,X290,X62,X63,X382,X383,X67
554,R,X41,X46,X367,X368,X47,X69,X445,X458,X475,X484,X499
555,W,X613,X275,X576,X769,X770,X771,X772,X773,X774,X775,X776,X777,X778,X779,X577,X780
555,R,X32,X33,X315,X316,X34,X65,X66,X41,X367,X368,X47,X380,X76,X81,X85,X122,X123,X497
556,W
556,R,X34
557,W,X381
557,R,X455
558,W
558,R
559,W,X433
559,R,X32,X33,X437,X438
560,W,X381
560,R,X456
561,W
561,R
562,W,X433
562,R,X32,X33,X437,X438
563,W,X56,X57,X58,X290,X62,X67
563,R,X46,X367,X368,X47
564,W,X432
564,R
565,W
565,R
566,W
566,R,X34
567,W,X2,X3,X4
567,R
568,W
568,R
569,W
569,R
570,W,X70,X103,X118,X55,X371,X267,X268,X550,X122,X123
570,R,X70,X34,X324,X92,X326,X113,X55,X783,X784,X785
571,W,X75,X76,X77,X85
571,R,X117,X118,X119,X121
572,W
572,R
573,W,X561,X301,X517,X518,X64
573,R,X121
574,W,X70,X86,X87,X118,X55,X122,X123
574,R,X70,X34,X92,X113,X55,X786,X785
575,W,X75,X76,X77,X82,X83,X84,X85
575,R,X101,X102,X103,X108,X109,X110,X111
576,W,X86
576,R
577,W
577,R
578,W,X561,X301,X517,X518,X64
578,R,X108
579,W,X70,X103,X55
579,R,X70,X113,X55,X786,X785
580,W
580,R
581,W,X23,X290,X206,X786,X787,X788,X783,X784,X789,X790,X791,X792,X793,X794,X795,X796,X797,X798,X785,X799,X800
581,R,X78,X79,X80,X81,X82,X83,X84,X85
582,W
582,R
583,W,X23,X290,X206,X786,X787,X788,X783,X784,X789,X790,X791,X792,X793,X794,X795,X796,X797,X798,X785,X799,X800
583,R,X81,X85
584,W
584,R
585,W
585,R,X372,X433,X77,X786,X788,X792,X799,X800
586,W,X303,X304,X801,X802,X803,X804,X805,X806
586,R,X16,X17,X18,X19,X20,X21
587,W
587,R
588,W,X0,X279,X70,X6,X807,X808
588,R,X809,X5,X434,X343,X801,X804,X805,X806
589,W
589,R,X303,X296
590,W
590,R
591,W,X297,X296
591,R,X298,X303,X304
592,W
592,R
593,W,X553,X554
593,R,X371,X59,X60,X290,X763,X764
594,W,X556,X557
594,R,X371,X56,X57,X290,X763,X764
595,W,X378,X413,X474,X435,X810,X811,X812,X813,X814,X815,X816,X817,X818,X819
595,R,X756,X474
596,W,X25
596,R
597,W,X70,X55
597,R,X70,X55
598,W
598,R
599,W,X820
599,R,X745,X551,X760,X756
600,W,X32,X33,X315,X316
600,R,X745,X551,X746,X552
601,W,X86,X87
601,R,X87
602,W,X207
602,R,X555,X819
603,W,X70,X378,X23,X318,X55,X561,X301,X517,X518,X575,X64,X75,X76,X77,X82,X83,X84,X85,X122,X123,X206,X2,X3,X4
603,R,X70,X821,X822,X89,X378,X32,X33,X315,X316,X101,X102,X103,X108,X109,X110,X111,X117,X118,X119,X121,X129,X130,X131,X132,X55,X559,X820,X810,X811,X812
604,W,X127,X128,X823,X122,X123,X640,X641
604,R,X122,X123,X694,X604
605,W
605,R
606,W,X90,X91,X93,X96,X97,X100,X112,X356,X357,X114,X115,X116,X508,X55,X76,X78,X79,X80,X81,X82,X83,X84,X85,X37,X512,X349
606,R,X94,X95,X98,X99,X55,X76,X333,X692,X693,X513,X514,X515,X516,X604
